{
  "0": {
    "train": {
      "acc": 0.3187830687830688,
      "f1": 0.03624099402940488
    },
    "val": {
      "acc": 0.4074074074074074,
      "f1": 0.04546813587871982
    }
  },
  "1": {
    "train": {
      "acc": 0.4523809523809524,
      "f1": 0.09464101803031959
    },
    "val": {
      "acc": 0.4973544973544973,
      "f1": 0.11353743478743479
    }
  },
  "2": {
    "train": {
      "acc": 0.5198412698412699,
      "f1": 0.13499940190739312
    },
    "val": {
      "acc": 0.5132275132275133,
      "f1": 0.14021020358540137
    }
  },
  "3": {
    "train": {
      "acc": 0.5740740740740741,
      "f1": 0.18720823131970477
    },
    "val": {
      "acc": 0.5502645502645502,
      "f1": 0.1579810866807771
    }
  },
  "4": {
    "train": {
      "acc": 0.6150793650793651,
      "f1": 0.2020440776226463
    },
    "val": {
      "acc": 0.5873015873015873,
      "f1": 0.20018931930138825
    }
  },
  "5": {
    "train": {
      "acc": 0.6084656084656085,
      "f1": 0.24664343985227927
    },
    "val": {
      "acc": 0.5873015873015873,
      "f1": 0.23007402319902318
    }
  },
  "6": {
    "train": {
      "acc": 0.6587301587301587,
      "f1": 0.3220081468159871
    },
    "val": {
      "acc": 0.6349206349206349,
      "f1": 0.25080632269777003
    }
  },
  "7": {
    "train": {
      "acc": 0.6746031746031746,
      "f1": 0.3739546267661955
    },
    "val": {
      "acc": 0.6402116402116402,
      "f1": 0.3432296912489783
    }
  },
  "8": {
    "train": {
      "acc": 0.6878306878306878,
      "f1": 0.3878461695790721
    },
    "val": {
      "acc": 0.6772486772486772,
      "f1": 0.3627368982783729
    }
  },
  "9": {
    "train": {
      "acc": 0.7063492063492064,
      "f1": 0.4401648239642061
    },
    "val": {
      "acc": 0.6137566137566137,
      "f1": 0.2876220409707252
    }
  },
  "10": {
    "train": {
      "acc": 0.7354497354497355,
      "f1": 0.43040801603432643
    },
    "val": {
      "acc": 0.6402116402116402,
      "f1": 0.3121113205270182
    }
  },
  "11": {
    "train": {
      "acc": 0.7407407407407407,
      "f1": 0.49907957872821695
    },
    "val": {
      "acc": 0.6402116402116402,
      "f1": 0.3577874592081057
    }
  },
  "12": {
    "train": {
      "acc": 0.7764550264550265,
      "f1": 0.5454229197809167
    },
    "val": {
      "acc": 0.6084656084656085,
      "f1": 0.42182979513596097
    }
  },
  "13": {
    "train": {
      "acc": 0.7791005291005291,
      "f1": 0.5619592002257603
    },
    "val": {
      "acc": 0.6613756613756614,
      "f1": 0.35785597572362277
    }
  },
  "14": {
    "train": {
      "acc": 0.8029100529100529,
      "f1": 0.5720842108581624
    },
    "val": {
      "acc": 0.6666666666666666,
      "f1": 0.4152501927928075
    }
  },
  "15": {
    "train": {
      "acc": 0.7764550264550265,
      "f1": 0.5716888541864652
    },
    "val": {
      "acc": 0.656084656084656,
      "f1": 0.4448057107609518
    }
  },
  "16": {
    "train": {
      "acc": 0.8108465608465608,
      "f1": 0.6464407974941495
    },
    "val": {
      "acc": 0.671957671957672,
      "f1": 0.43501571558856095
    }
  },
  "17": {
    "train": {
      "acc": 0.8240740740740741,
      "f1": 0.6228925046115905
    },
    "val": {
      "acc": 0.6455026455026455,
      "f1": 0.3704194947209653
    }
  },
  "18": {
    "train": {
      "acc": 0.8134920634920635,
      "f1": 0.6656501961872122
    },
    "val": {
      "acc": 0.6931216931216931,
      "f1": 0.500564403611963
    }
  },
  "19": {
    "train": {
      "acc": 0.828042328042328,
      "f1": 0.6378691806368624
    },
    "val": {
      "acc": 0.6666666666666666,
      "f1": 0.43310161085867555
    }
  }
}